stop_id,stop_code,stop_name,stop_lat,stop_lon,location_type,parent_station,stop_timezone,wheelchair_boarding,platform_code,zone_id,clean_stop_id
2511615,,Maastricht,50.8506842956035,5.704599237720314,0,stoparea:17969,,,,IFF:mt,2511615
2485741,44161,"Maastricht, Koningin Emmaplein",50.849292,5.678235,0,,,0.0,,,2485741
2511622,,Maastricht Noord,50.87056885654833,5.717504666171787,0,stoparea:30382,,,2,IFF:mtn,2511622
2511621,,Maastricht Noord,50.87062677481607,5.717754385815858,0,stoparea:30382,,,1,IFF:mtn,2511621
2511623,,Maastricht Noord,50.871751883925576,5.716623438202342,0,stoparea:30382,,,,IFF:mtn,2511623
2511613,,Maastricht,50.8510208091,5.70534825325,0,stoparea:17969,,,5b,IFF:mt,2511613
2398923,33666,"Riemst, Maastrichtersteenweg",50.818295,5.611435,0,,,,,,2398923
2511628,,Maastricht Randwyck,50.837259667589656,5.7175625539511055,0,stoparea:17938,,,,IFF:mtr,2511628
2511627,,Maastricht Randwyck,50.8378274893,5.71761131287,0,stoparea:17938,,,3,IFF:mtr,2511627
2511612,,Maastricht,50.8499573524,5.70583105087,0,stoparea:17969,,,5a,IFF:mt,2511612
2511616,,Maastricht,50.85055348689911,5.705571224915953,0,stoparea:17969,,,,IFF:mt,2511616
2511626,,Maastricht Randwyck,50.8377936121,5.71749866009,0,stoparea:17938,,,2,IFF:mtr,2511626
2398152,32489,"Maastricht, Bosscherweg Sluis",50.866997,5.686358,0,,,,,,2398152
2398673,32514,"Maastricht, Gewantmakersdreef Zuid",50.844497,5.661438,0,,,,,,2398673
2398456,32488,"Maastricht, Bosscherweg Grens",50.880591,5.678148,0,,,,,,2398456
2398949,32487,"Maastricht, Bosscherweg Grens",50.880195,5.678401,0,,,,,,2398949
2511608,,Maastricht,50.8509225927,5.70489764214,0,stoparea:17969,,,2,IFF:mt,2511608
2511629,,Maastricht Randwyck,50.83779595521484,5.717569641852803,0,stoparea:17938,,,,IFF:mtr,2511629
2398332,132788,"Maastricht, Caberg",50.861299,5.671849,0,,,,,,2398332
2398921,33667,"Riemst, Maastrichtersteenweg",50.818492,5.611649,0,,,,,,2398921
2511614,,Maastricht,50.8506821312,5.70560574532,0,stoparea:17969,,,6,IFF:mt,2511614
2511609,,Maastricht,50.8509733943,5.70510149002,0,stoparea:17969,,,3,IFF:mt,2511609
2470286,32560,"Maastricht, Tongerseweg Kerkhof",50.838492,5.661658,0,,,,,,2470286
2398079,88801,"Mopertingen, Maastrichterstraat",50.861494,5.587315,0,,,,,,2398079
2398480,32561,"Maastricht, Tongerseweg Kerkhof",50.838994,5.662342,0,,,,,,2398480
2398172,32501,"Maastricht, Caberg Grens",50.880999,5.673277,0,,,,,,2398172
2511611,,Maastricht,50.8509869414,5.70518732071,0,stoparea:17969,,,4b,IFF:mt,2511611
2398614,32483,"Maastricht, Bosscherweg 17",50.875994,5.679668,0,,,,,,2398614
2485666,150201,"Maastricht, Mosae Forum/Centrum",50.852299,5.693633,0,,,,,,2485666
2511624,,Maastricht Noord,50.87063709642696,5.717641069416693,0,stoparea:30382,,,,IFF:mtn,2511624
2398892,32486,"Maastricht, Bosscherweg 41",50.870799,5.682959,0,,,,,,2398892
2398501,32485,"Maastricht, Bosscherweg 41",50.871096,5.682947,0,,,,,,2398501
2470288,32565,"Maastricht, Tongerseweg Wolder",50.834498,5.651443,0,,,,,,2470288
2398842,32494,"Maastricht, Via Regia/A.Flamentstraat",50.851392,5.66865,0,,,,,,2398842
2398626,32500,"Maastricht, Brusselseweg Sandersweg",50.865496,5.67213,0,,,,,,2398626
2399028,32490,"Maastricht, Bosscherweg Sluis",50.866997,5.686188,0,,,,,,2399028
2398162,27113,"Bilzen, Maastrichterpoort",50.865597,5.52296,0,,,,,,2398162
2511607,,Maastricht,50.8509158192,5.70481717587,0,stoparea:17969,,,1,IFF:mt,2511607
2397999,32484,"Maastricht, Bosscherweg 17",50.875994,5.679526,0,,,,,,2397999
2470295,88802,"Mopertingen, Maastrichterstraat",50.861695,5.585328,0,,,,,,2470295
2398245,32531,"Maastricht, Javastraat",50.842394,5.66506,0,,,,,,2398245
2398877,32499,"Maastricht, Brusselseweg Sandersweg",50.865693,5.672344,0,,,,,,2398877
2397978,32513,"Maastricht, Gewantmakersdreef Zuid",50.844496,5.661608,0,,,,,,2397978
2398459,32502,"Maastricht, Caberg Grens",50.880595,5.673047,0,,,,,,2398459
2511625,,Maastricht Randwyck,50.8377834489,5.71743965149,0,stoparea:17938,,,1,IFF:mtr,2511625
2398787,110429,"Maastricht, Sint-Annalaan",50.849299,5.671661,0,,,,,,2398787
2398843,132789,"Maastricht, Caberg",50.860993,5.672046,0,,,,,,2398843
2470287,32564,"Maastricht, Tongerseweg Wolder",50.834497,5.651741,0,,,,,,2470287
2511610,,Maastricht,50.8498421995,5.70571303368,0,stoparea:17969,,,4a,IFF:mt,2511610
2398402,27112,"Bilzen, Maastrichterpoort",50.865993,5.522266,0,,,,,,2398402
2562331,10644210,"Godlinze, Maastricht",53.378612,6.813104,0,,,0.0,,,2562331
2562332,10644220,"Godlinze, Maastricht",53.378574,6.813238,0,,,0.0,,,2562332
2402332,40018370,"Arnhem, Maastrichtsingel",51.944516,5.869963,0,,,1.0,,CXX:40018370,2402332
415707,40018380,"Arnhem, Maastrichtsingel",51.944875,5.870084,0,,,1.0,,CXX:40018380,415707
2542268,63000580,"'s-Hertogenbosch, Maastrichtseweg",51.68731,5.326754,0,,,0.0,,,2542268
2576063,63000580,"'s-Hertogenbosch, Maastrichtseweg",51.68731,5.326754,0,,,0.0,,,2576063
2396362,64372110,"Schaft, Maastrichterweg",51.299187,5.466922,0,stoparea:380848,,0.0,,CXX:64372110,2396362
2396363,64372120,"Schaft, Maastrichterweg",51.29951,5.467166,0,stoparea:380848,,0.0,,CXX:64372120,2396363
2577515,66220330,"Brunssum, Maastrichterstr/Servatiusstr",50.941555,5.954232,0,stoparea:416771,,1.0,,,2577515
2577735,66280370,"Ubach over Worms, Maastrichterlaan/Kerk",50.912761,6.046258,0,stoparea:419489,,1.0,,,2577735
2577736,66280380,"Ubach over Worms, Maastrichterlaan",50.912105,6.052477,0,stoparea:419490,,0.0,,,2577736
2577737,66280390,"Ubach over Worms, Maastrichterlaan",50.912028,6.051821,0,stoparea:419490,,0.0,,,2577737
2578106,66490240,"Maastricht, Bergerstraat/Vijverdal",50.851377,5.730787,0,stoparea:418410,,1.0,,,2578106
2578107,66490250,"Maastricht, Bergerstraat/Vijverdal",50.851298,5.729992,0,stoparea:418410,,0.0,,,2578107
2578108,66490260,"Maastricht, Burg. Cortenstraat/Padualaan",50.848966,5.728199,0,stoparea:418503,,0.0,,,2578108
2578109,66490270,"Maastricht, Burg. Cortenstraat/Padualaan",50.84894,5.728043,0,stoparea:418503,,0.0,,,2578109
2578110,66490280,"Maastricht, Burgemeester Cortenstraat",50.84539,5.727662,0,stoparea:418405,,0.0,,,2578110
2578111,66490290,"Maastricht, Burgemeester Cortenstraat",50.844914,5.727588,0,stoparea:418405,,0.0,,,2578111
2578112,66490300,"Maastricht, Bloemenweg",50.84189,5.713496,0,stoparea:418412,,0.0,,,2578112
2578113,66490310,"Maastricht, Bloemenweg",50.841421,5.714004,0,stoparea:418412,,0.0,,,2578113
2578114,66490320,"Maastricht, Bonnefantenmuseum",50.842783,5.702514,0,stoparea:418413,,0.0,,,2578114
2578115,66490330,"Maastricht, Bonnefantenmuseum",50.842719,5.702883,0,stoparea:418413,,0.0,,,2578115
2578116,66490350,"Maastricht, Burg. Kessensingel-Noord",50.840322,5.733275,0,stoparea:418466,,0.0,,,2578116
2578117,66490370,"Maastricht, Burg. Kessensingel-Zuid",50.836565,5.733218,0,stoparea:418469,,0.0,,,2578117
2578118,66490380,"Maastricht, Burght/Demertstraat",50.837876,5.721517,0,stoparea:418430,,0.0,,,2578118
2578119,66490390,"Maastricht, Burght/R. v. Heerstraat",50.838333,5.72196,0,stoparea:418453,,0.0,,,2578119
2578120,66490410,"Maastricht, De Beente",50.831639,5.705135,0,stoparea:418406,,0.0,,,2578120
2578121,66490450,"Maastricht, Doornlaan",50.847885,5.735305,0,stoparea:418431,,0.0,,,2578121
2578122,66490460,"Maastricht, Doornlaan",50.848065,5.735008,0,stoparea:418431,,0.0,,,2578122
2578123,66490470,"Maastricht, Dorpstraat/De Leim",50.84291,5.727587,0,stoparea:418432,,0.0,,,2578123
2578124,66490480,"Maastricht, Dorpstraat/De Leim",50.84264,5.7275,0,stoparea:418432,,0.0,,,2578124
2578125,66490490,"Maastricht, Dorpstraat/Kerk",50.840339,5.727554,0,stoparea:418437,,0.0,,,2578125
2578126,66490500,"Maastricht, Dorpstraat/Kerk",50.840097,5.727339,0,stoparea:418437,,0.0,,,2578126
2578148,66490830,"Maastricht, Randwycksingel",50.837859,5.708315,0,stoparea:418438,,0.0,,,2578148
2577734,66280360,"Ubach over Worms, Maastrichterlaan/Kerk",50.913077,6.044457,0,stoparea:419489,,1.0,,,2577734
2578051,66450370,"Vaals, Maastrichterlaan/Bosstraat",50.772475,6.019501,0,stoparea:419545,,1.0,,,2578051
2578094,66490100,"Maastricht, MUMC",50.835195,5.712881,0,stoparea:418390,,1.0,,,2578094
2578095,66490110,"Maastricht, MUMC",50.835239,5.713166,0,stoparea:418390,,1.0,,,2578095
2578096,66490120,"Maastricht, Akersteenweg",50.84379,5.72491,0,stoparea:418391,,0.0,,,2578096
2578097,66490130,"Maastricht, Akersteenweg",50.843897,5.725081,0,stoparea:418391,,1.0,,,2578097
2578098,66490140,"Maastricht, Oude Molenweg",50.842455,5.738317,0,stoparea:418392,,0.0,,,2578098
2578099,66490150,"Maastricht, Oude Molenweg",50.842684,5.736856,0,stoparea:418392,,0.0,,,2578099
2578100,66490160,"Maastricht, Nijverheidsweg",50.842413,5.719051,0,stoparea:418495,,0.0,,,2578100
2578101,66490170,"Maastricht, Nijverheidsweg",50.84235,5.719193,0,stoparea:418495,,0.0,,,2578101
2578102,66490180,"Maastricht, Baron van Hovellstraat",50.843154,5.708025,0,stoparea:418404,,1.0,,,2578102
2578103,66490190,"Maastricht, Baron van Hovellstraat",50.843406,5.708027,0,stoparea:418404,,1.0,,,2578103
2578104,66490220,"Maastricht, Bergerstraat/Bernhardlaan",50.849689,5.72386,0,stoparea:418408,,1.0,,,2578104
2578105,66490230,"Maastricht, Bergerstraat/Bernhardlaan",50.849735,5.723647,0,stoparea:418408,,1.0,,,2578105
2578127,66490510,"Maastricht, Drenckgaard",50.832538,5.724005,0,stoparea:418435,,0.0,,,2578127
2578128,66490520,"Maastricht, Drenckgaard",50.832754,5.724049,0,stoparea:418435,,1.0,,,2578128
2578129,66490530,"Maastricht, Endepolsdomein",50.838781,5.716257,0,stoparea:418443,,0.0,,,2578129
2578130,66490540,"Maastricht, Endepolsdomein",50.837846,5.716165,0,stoparea:418443,,0.0,,,2578130
2578131,66490550,"Maastricht, Forum MECC",50.837029,5.712795,0,stoparea:418445,,0.0,,,2578131
2578132,66490560,"Maastricht, Forum MECC",50.837009,5.713405,0,stoparea:418445,,1.0,,,2578132
2578133,66490570,"Maastricht, Forum MECC",50.837099,5.713363,0,stoparea:418445,,0.0,,,2578133
2578134,66490580,"Maastricht, Forum MECC",50.837101,5.712526,0,stoparea:418445,,0.0,,,2578134
2578135,66490590,"Maastricht, Gouvernement",50.837413,5.703925,0,stoparea:418450,,1.0,,,2578135
2578136,66490600,"Maastricht, Gouvernement",50.838061,5.703504,0,stoparea:418450,,1.0,,,2578136
2578137,66490610,"Maastricht, Heugemerstraat/Wardehof",50.829588,5.705447,0,stoparea:418457,,0.0,,,2578137
2578138,66490620,"Maastricht, Langendaal",50.830694,5.724346,0,stoparea:418497,,0.0,,,2578138
2578149,66490840,"Maastricht, Rijksweg Eykelborg",50.827274,5.729147,0,stoparea:418517,,0.0,,,2578149
2578150,66490850,"Maastricht, Rijksweg Eykelborg",50.828163,5.729253,0,stoparea:418517,,1.0,,,2578150
2578151,66490860,"Maastricht, Rijksweg/Veldstraat",50.836676,5.725951,0,stoparea:418539,,0.0,,,2578151
2578152,66490870,"Maastricht, Rijksweg/Veldstraat",50.837431,5.726198,0,stoparea:418539,,0.0,,,2578152
2578172,66491860,"Maastricht, Rijksweg/Veldstraat",50.836998,5.72672,0,stoparea:418539,,0.0,,,2578172
2578153,66490880,"Maastricht, Roserije",50.828114,5.724526,0,stoparea:418519,,0.0,,,2578153
2578154,66490890,"Maastricht, Roserije",50.828159,5.724612,0,stoparea:418519,,1.0,,,2578154
2578155,66490900,"Maastricht, Scharn Kerk",50.847853,5.72467,0,stoparea:418522,,1.0,,,2578155
2578156,66490910,"Maastricht, Scharn Kerk",50.847871,5.724812,0,stoparea:418522,,1.0,,,2578156
2578157,66490940,"Maastricht, Sibemaweg",50.846009,5.718835,0,stoparea:418525,,0.0,,,2578157
2578158,66490950,"Maastricht, Sibemaweg",50.846009,5.718963,0,stoparea:418525,,0.0,,,2578158
2578159,66490960,"Maastricht, Station Randwyck",50.837485,5.716574,0,stoparea:418516,,1.0,,,2578159
2578160,66490970,"Maastricht, Station Randwyck",50.837403,5.716943,0,stoparea:418516,,1.0,,,2578160
2578161,66491010,"Maastricht, Vijverdal",50.850017,5.731615,0,stoparea:418542,,0.0,,,2578161
2578162,66491020,"Maastricht, Vijverdal",50.85007,5.731772,0,stoparea:418542,,0.0,,,2578162
2578163,66491030,"Maastricht, Bemelergrubbe",50.848542,5.731803,0,stoparea:418434,,0.0,,,2578163
2578164,66491040,"Maastricht, Bemelergrubbe",50.848542,5.731987,0,stoparea:418434,,0.0,,,2578164
2578165,66491070,"Maastricht, Wardehofplein",50.829818,5.70701,0,stoparea:418546,,1.0,,,2578165
2578166,66491080,"Maastricht, Weerhuysgaard",50.833591,5.726724,0,stoparea:418547,,0.0,,,2578166
2578167,66491090,"Maastricht, Weerhuysgaard",50.833672,5.726667,0,stoparea:418547,,1.0,,,2578167
2578204,66500300,"Maastricht, Ambyerstraat Noord",50.864657,5.732704,0,stoparea:418394,,0.0,,,2578204
2578205,66500310,"Maastricht, Jeruzalemweg",50.870772,5.712933,0,stoparea:418461,,0.0,,,2578205
2578206,66500320,"Maastricht, Jeruzalemweg",50.870808,5.713103,0,stoparea:418461,,0.0,,,2578206
2578175,66494340,"Maastricht, Hoeve Rasberg",50.857133,5.750215,0,stoparea:418458,,0.0,,,2578175
2578176,66494350,"Maastricht, Hoeve Rasberg",50.85717,5.749832,0,stoparea:418458,,0.0,,,2578176
2578207,66500400,"Maastricht, Beukenhoven",50.864335,5.73513,0,stoparea:418409,,0.0,,,2578207
2578208,66500410,"Maastricht, Burg. Van Oppenstraat",50.855478,5.714387,0,stoparea:418418,,0.0,,,2578208
2578209,66500420,"Maastricht, Czaar Peterstraat",50.852331,5.717972,0,stoparea:418429,,1.0,,,2578209
2578233,66500780,"Maastricht, Severenplein",50.863849,5.7323,0,stoparea:418524,,1.0,,,2578233
2578234,66500810,"Maastricht, Terblijterweg",50.854355,5.729872,0,stoparea:418535,,0.0,,,2578234
2578235,66500820,"Maastricht, Terblijterweg",50.854797,5.729194,0,stoparea:418535,,1.0,,,2578235
2578236,66500830,"Maastricht, Korvetweg",50.87224,5.708852,0,stoparea:418474,,0.0,,,2578236
2578237,66500840,"Maastricht, Korvetweg",50.87225,5.708511,0,stoparea:418474,,0.0,,,2578237
2578238,66500870,"Maastricht, W. Alexanderweg/Korvetweg",50.873194,5.708262,0,stoparea:418473,,0.0,,,2578238
2578254,66501850,"Maastricht, W. Alexanderweg/Korvetweg",50.873356,5.708206,0,stoparea:418473,,0.0,,,2578254
2578239,66500880,"Maastricht, Withuisveld",50.853609,5.732735,0,stoparea:418551,,0.0,,,2578239
2578240,66500890,"Maastricht, Withuisveld",50.85413,5.732909,0,stoparea:418551,,0.0,,,2578240
2578241,66500920,"Maastricht, Scharnerweg",50.848844,5.717706,0,stoparea:418521,,1.0,,,2578241
2578242,66500930,"Maastricht, Scharnerweg",50.848908,5.717521,0,stoparea:418521,,1.0,,,2578242
2578244,66501201,"Maastricht, P&R Noord Perron A",50.871967,5.716294,0,stoparea:418502,,0.0,A,,2578244
2578243,66501200,"Maastricht, P&R Noord Perron A",50.871967,5.716294,0,stoparea:418502,,0.0,A,,2578243
2578245,66501202,"Maastricht, P&R Noord Perron B",50.872012,5.716337,0,stoparea:418502,,1.0,B,,2578245
2578246,66501203,"Maastricht, P&R Noord Perron B",50.872012,5.716337,0,stoparea:418502,,0.0,B,,2578246
2578249,66501670,"Maastricht, Old Hickoryplein",50.854676,5.708744,0,stoparea:418499,,0.0,,,2578249
2578250,66501680,"Maastricht, Old Hickoryplein",50.854597,5.708275,0,stoparea:418499,,0.0,,,2578250
2578251,66501690,"Maastricht, Geusseltbad",50.85748,5.721658,0,stoparea:418402,,1.0,,,2578251
2578256,66502690,"Maastricht, Geusseltbad",50.857534,5.721616,0,stoparea:418402,,1.0,,,2578256
2578252,66501810,"Maastricht, W. Alexanderweg/Balijeweg",50.86729,5.704513,0,stoparea:418393,,0.0,,,2578252
2578253,66501820,"Maastricht, W. Alexanderweg/Balijeweg",50.867327,5.704301,0,stoparea:418393,,0.0,,,2578253
2578257,66503630,"Maastricht, Meerssenerweg",50.861546,5.710979,0,stoparea:418486,,0.0,,,2578257
2578258,66503640,"Maastricht, Meerssenerweg",50.860919,5.710279,0,stoparea:418486,,0.0,,,2578258
2578292,66580170,"Maastricht, Bieslanderweg",50.839999,5.677595,0,stoparea:418411,,1.0,,,2578292
2578293,66580180,"Maastricht, Brusselseweg/Zuyd Hogeschool",50.853992,5.671335,0,stoparea:418417,,0.0,,,2578293
2578294,66580190,"Maastricht, Brusselseweg/Zuyd Hogeschool",50.854297,5.671507,0,stoparea:418417,,0.0,,,2578294
2578295,66580200,"Maastricht, Nekummerweg",50.828288,5.66956,0,stoparea:418494,,0.0,,,2578295
2578296,66580210,"Maastricht, Nekummerweg",50.828108,5.669885,0,stoparea:418494,,0.0,,,2578296
2578297,66580220,"Maastricht, Jezuïetenberg",50.823315,5.666932,0,stoparea:418462,,0.0,,,2578297
2578298,66580230,"Maastricht, Jezuïetenberg",50.822793,5.667241,0,stoparea:418462,,0.0,,,2578298
2578299,66580320,"Maastricht, Cannerweg/Gerlachus",50.840632,5.676208,0,stoparea:418419,,1.0,,,2578299
2578300,66580350,"Maastricht, Capitoolhof",50.841348,5.647166,0,stoparea:418420,,1.0,,,2578300
2578301,66580360,"Maastricht, Capitoolhof",50.841303,5.646939,0,stoparea:418420,,0.0,,,2578301
2578302,66580430,"Maastricht, Fagotstraat",50.856186,5.670994,0,stoparea:418444,,0.0,,,2578302
2578303,66580440,"Maastricht, Fagotstraat",50.856288,5.670028,0,stoparea:418444,,0.0,,,2578303
2578304,66580470,"Maastricht, Gentelaan",50.856066,5.665128,0,stoparea:418447,,0.0,,,2578304
2578305,66580480,"Maastricht, Gentelaan",50.855921,5.66551,0,stoparea:418447,,0.0,,,2578305
2578306,66580490,"Maastricht, Gewantmakersdreef-Noord",50.848243,5.658578,0,stoparea:418448,,0.0,,,2578306
2578307,66580500,"Maastricht, Gewantmakersdreef-Noord",50.848351,5.658706,0,stoparea:418448,,0.0,,,2578307
2578308,66580510,"Maastricht, Herculeshof",50.839291,5.650377,0,stoparea:418455,,1.0,,,2578308
2578309,66580520,"Maastricht, Herculeshof",50.839156,5.650475,0,stoparea:418455,,1.0,,,2578309
2399075,32536,"Maastricht, Keurmeestersdreef Oost",50.847497,5.662478,0,,,0.0,,,2399075
2578310,66580540,"Maastricht, Keurmeestersdreef oost",50.84756,5.662478,0,stoparea:418467,,0.0,,,2578310
2398299,32535,"Maastricht, Keurmeestersdreef Oost",50.848392,5.664159,0,,,0.0,,,2398299
2578311,66580550,"Maastricht, Keurmeestersdreef oost",50.848418,5.664187,0,stoparea:418467,,0.0,,,2578311
2578312,66580560,"Maastricht, Keurmeestersdreef west",50.844861,5.655477,0,stoparea:418468,,1.0,,,2578312
2578313,66580570,"Maastricht, Keurmeestersdreef west",50.84471,5.654866,0,stoparea:418468,,1.0,,,2578313
2578315,66580581,"Maastricht, Laathofruwe",50.866268,5.653542,0,stoparea:418475,,1.0,,,2578315
2578314,66580580,"Maastricht, Laathofruwe",50.866268,5.653542,0,stoparea:418476,,1.0,,,2578314
2578336,66580841,"Maastricht, Laathofruwe",50.86626,5.653371,0,stoparea:418475,,1.0,,,2578336
2578335,66580840,"Maastricht, Laathofruwe",50.86626,5.653371,0,stoparea:418476,,1.0,,,2578335
2578316,66580610,"Maastricht, Malbergplein",50.862999,5.65642,0,stoparea:418492,,1.0,,,2578316
2578317,66580620,"Maastricht, Malbergplein",50.863341,5.656223,0,stoparea:418492,,1.0,,,2578317
2578318,66580630,"Maastricht, Malbergsingel",50.860431,5.65909,0,stoparea:418483,,1.0,,,2578318
2578319,66580640,"Maastricht, Malbergsingel",50.860628,5.659076,0,stoparea:418483,,1.0,,,2578319
2578320,66580650,"Maastricht, Arrestruwe",50.865197,5.658194,0,stoparea:418399,,1.0,,,2578320
2578321,66580660,"Maastricht, Arrestruwe",50.865438,5.658991,0,stoparea:418399,,0.0,,,2578321
2578322,66580670,"Maastricht, Malpertuisplein",50.857419,5.663034,0,stoparea:418481,,1.0,,,2578322
2578323,66580680,"Maastricht, Malpertuisplein",50.857401,5.66319,0,stoparea:418481,,1.0,,,2578323
2578324,66580690,"Maastricht, Medoclaan/Campagne",50.839161,5.66761,0,stoparea:418422,,1.0,,,2578324
2578325,66580700,"Maastricht, Medoclaan/Campagne",50.838363,5.666654,0,stoparea:418422,,1.0,,,2578325
2578326,66580710,"Maastricht, Medoclaan/Emilionlaan",50.836604,5.661817,0,stoparea:418441,,0.0,,,2578326
2578327,66580720,"Maastricht, Medoclaan/Emilionlaan",50.836631,5.661675,0,stoparea:418441,,0.0,,,2578327
2578329,66580740,"Maastricht, Mgr. Vranckenplein",50.834419,5.65438,0,stoparea:418487,,1.0,,,2578329
2578328,66580730,"Maastricht, Mgr. Vranckenplein",50.834419,5.65438,0,stoparea:418487,,1.0,,,2578328
2578330,66580750,"Maastricht, Papyrussingel",50.86415,5.663671,0,stoparea:418504,,1.0,,,2578330
2578331,66580760,"Maastricht, Pergamijndonk",50.864782,5.66643,0,stoparea:418506,,1.0,,,2578331
2578357,66581810,"Maastricht, Planetenhof",50.840963,5.654205,0,stoparea:418511,,1.0,,,2578357
2578332,66580810,"Maastricht, Planetenhof",50.840963,5.654205,0,stoparea:418511,,1.0,,,2578332
2578333,66580820,"Maastricht, Potteriestraat",50.851733,5.65776,0,stoparea:418512,,1.0,,,2578333
2578334,66580830,"Maastricht, Potteriestraat",50.851849,5.65796,0,stoparea:418512,,1.0,,,2578334
2578338,66580871,"Maastricht, Vendelplein",50.864274,5.648971,0,stoparea:418538,,0.0,,,2578338
2578337,66580870,"Maastricht, Vendelplein",50.864274,5.648971,0,stoparea:418538,,0.0,,,2578337
2578339,66580880,"Maastricht, Vezeldonk",50.86685,5.66211,0,stoparea:418540,,0.0,,,2578339
2578340,66580890,"Maastricht, Winkelcentrum/Belfort",50.846085,5.659062,0,stoparea:418550,,0.0,,,2578340
2578341,66580900,"Maastricht, Winkelcentrum/Belfort",50.846157,5.658835,0,stoparea:418550,,1.0,,,2578341
2398817,32479,"Maastricht, Dr.Bakstraat",50.850198,5.66789,0,,,1.0,,,2398817
2578372,66590220,"Maastricht, Dr. Bakstr/Brusselse Poort",50.850216,5.667847,0,stoparea:418416,,1.0,,,2578372
2578373,66590230,"Maastricht, Drijversstraat",50.864054,5.687717,0,stoparea:418436,,0.0,,,2578373
2578374,66590240,"Maastricht, Duitsepoort",50.845395,5.707231,0,stoparea:418439,,0.0,,,2578374
2578375,66590250,"Maastricht, Duitsepoort",50.845854,5.707121,0,stoparea:418439,,0.0,,,2578375
2399043,32540,"Maastricht, Frontensingel/Maagdendries",50.854499,5.684431,0,,,1.0,,,2399043
2578376,66590260,"Maastricht, Statensingel",50.854525,5.684488,0,stoparea:418446,,1.0,,,2578376
2398230,134591,"Maastricht, Frontensingel/Maagdendries",50.8546,5.68348,0,,,1.0,,,2398230
2578399,66590580,"Maastricht, Statensingel",50.854582,5.683551,0,stoparea:418446,,1.0,,,2578399
2398211,134592,"Maastricht, Frontensingel/Maagdendries",50.853791,5.683248,0,,,1.0,,,2398211
2578400,66590590,"Maastricht, Statensingel",50.854016,5.683363,0,stoparea:418446,,1.0,,,2578400
2578377,66590280,"Maastricht, Helmstraat",50.850352,5.688991,0,stoparea:418454,,0.0,,,2578377
2578378,66590290,"Maastricht, Tongerseplein",50.845312,5.680951,0,stoparea:418456,,0.0,,,2578378
2578423,66592290,"Maastricht, Tongerseplein",50.844033,5.681823,0,stoparea:418456,,0.0,,,2578423
2578379,66590310,"Maastricht, Kommel",50.84862,5.684535,0,stoparea:418470,,1.0,,,2578379
2578380,66590320,"Maastricht, Koningin Emmaplein",50.849562,5.678195,0,stoparea:418442,,0.0,,,2578380
2398294,44162,"Maastricht, Koningin Emmaplein",50.849492,5.677271,0,,,1.0,,,2398294
2578381,66590330,"Maastricht, Koningin Emmaplein",50.849627,5.677087,0,stoparea:418442,,1.0,,,2578381
2578420,66591330,"Maastricht, Koningin Emmaplein",50.849582,5.677314,0,stoparea:418442,,0.0,,,2578420
2578382,66590340,"Maastricht, Koningsplein",50.848064,5.71053,0,stoparea:418472,,0.0,,,2578382
2578383,66590350,"Maastricht, Koningsplein",50.84837,5.710432,0,stoparea:418472,,0.0,,,2578383
2578384,66590370,"Maastricht, Markt",50.851383,5.69002,0,stoparea:418493,,0.0,,,2578384
2578385,66590380,"Maastricht, Markt",50.851553,5.690106,0,stoparea:418493,,0.0,,,2578385
2578386,66590410,"Maastricht, Mergelweg/Sportpark",50.836581,5.682173,0,stoparea:418531,,0.0,,,2578386
2578387,66590420,"Maastricht, Sint Pietersberg",50.838637,5.686359,0,stoparea:418529,,0.0,,,2578387
2578388,66590430,"Maastricht, Meutestraat",50.864757,5.69069,0,stoparea:418485,,0.0,,,2578388
2398700,132785,"Maastricht, Mosae Forum/Centrum",50.852694,5.694076,0,,,1.0,,,2398700
2578389,66590440,"Maastricht, Mosae Forum/Centrum",50.852559,5.693933,0,stoparea:418427,,1.0,,,2578389
2578404,66590740,"Maastricht, Via Regia/St. Annadal",50.8483,5.672337,0,stoparea:418395,,0.0,,,2578404
2398953,32493,"Maastricht, Via Regia/Brusselsepoort",50.850194,5.669707,0,,,1.0,,,2398953
2398462,32482,"Maastricht, Dr.Bakstraat",50.849795,5.667419,0,,,0.0,,,2398462
2578405,66590750,"Maastricht, Via Regia/Brusselse Poort",50.850257,5.669665,0,stoparea:418415,,1.0,,,2578405
2578406,66590760,"Maastricht, Via Regia/Dr. v. Kleefstraat",50.850994,5.669627,0,stoparea:418541,,1.0,,,2578406
2578407,66590770,"Maastricht, Vrijthof",50.849552,5.689043,0,stoparea:418543,,0.0,,,2578407
2578408,66590780,"Maastricht, Waldeckpark",50.842645,5.683262,0,stoparea:418545,,0.0,,,2578408
2578409,66590790,"Maastricht, Wijngaardstraat",50.840833,5.682086,0,stoparea:418548,,0.0,,,2578409
2578410,66590800,"Maastricht, Wilhelminasingel",50.849139,5.702075,0,stoparea:418549,,1.0,,,2578410
2578411,66590810,"Maastricht, Wilhelminasingel",50.849409,5.702162,0,stoparea:418549,,1.0,,,2578411
2578419,66591290,"Maastricht, Prins Bisschopsingel",50.841868,5.688254,0,stoparea:418513,,0.0,,,2578419
2578425,66593290,"Maastricht, Prins Bisschopsingel",50.84176,5.688282,0,stoparea:418513,,0.0,,,2578425
2398416,32567,"Maastricht, Bosscherweg/Van Eyckstraat",50.860797,5.688846,0,,,0.0,,,2398416
2578421,66591410,"Maastricht, Bosscherweg/v. Eijckstraat",50.860896,5.68879,0,stoparea:418440,,0.0,,,2578421
2398543,32566,"Maastricht, Bosscherweg/Van Eyckstraat",50.860995,5.688918,0,,,0.0,,,2398543
2578424,66592410,"Maastricht, Bosscherweg/v. Eijckstraat",50.861094,5.688834,0,stoparea:418440,,0.0,,,2578424
2578422,66591510,"Maastricht, Glacisweg",50.839681,5.689589,0,stoparea:418449,,0.0,,,2578422
2578350,66581710,"Maastricht, Clavecymbelstraat",50.859682,5.667876,0,stoparea:418428,,0.0,,,2578350
2578349,66581700,"Maastricht, Clavecymbelstraat",50.859753,5.667877,0,stoparea:418428,,0.0,,,2578349
2578342,66581620,"Maastricht, Clavecymbelstr/Prestantstr",50.86061,5.670637,0,stoparea:418514,,1.0,,,2578342
2578343,66581630,"Maastricht, Clavecymbelstr/Prestantstr",50.860537,5.670892,0,stoparea:418514,,1.0,,,2578343
2578344,66581640,"Maastricht, Cabergerweg",50.858208,5.678703,0,stoparea:418426,,0.0,,,2578344
2578345,66581660,"Maastricht, Peter Huijssenslaan",50.86075,5.675637,0,stoparea:418507,,0.0,,,2578345
2578139,66490630,"Maastricht, Langendaal",50.831074,5.723554,0,stoparea:418497,,0.0,,,2578139
2578171,66491620,"Maastricht, Langendaal",50.830658,5.724616,0,stoparea:418497,,0.0,,,2578171
2578140,66490640,"Maastricht, Langendaal/Varensdaal",50.823432,5.724208,0,stoparea:418537,,0.0,,,2578140
2578141,66490770,"Maastricht, Kapittellaan",50.831926,5.708387,0,stoparea:418463,,0.0,,,2578141
2578142,66490780,"Maastricht, Kapittellaan",50.832071,5.708275,0,stoparea:418463,,0.0,,,2578142
2578143,66490790,"Maastricht, Oeslingerbaan",50.831272,5.726763,0,stoparea:418498,,0.0,,,2578143
2578144,66490800,"Maastricht, Molensingel",50.831194,5.713109,0,stoparea:418496,,0.0,,,2578144
2578145,66490810,"Maastricht, Termileslaan",50.826282,5.708064,0,stoparea:418534,,1.0,,,2578145
2578146,66490811,"Maastricht, Oude Maasstraat",50.826445,5.707881,0,stoparea:418501,,0.0,,,2578146
2578147,66490820,"Maastricht, Randwycksingel",50.837804,5.708641,0,stoparea:418438,,0.0,,,2578147
2578168,66491180,"Maastricht, Balsemienbeemd",50.823655,5.709111,0,stoparea:418401,,0.0,,,2578168
2578169,66491280,"Maastricht, Balsemienbeemd",50.823806,5.709481,0,stoparea:418401,,0.0,,,2578169
2578170,66491480,"Maastricht, Beemdenplein/Maasveld",50.822841,5.707445,0,stoparea:418407,,1.0,,,2578170
2578173,66491910,"Maastricht, Molensingel/Slagmolen",50.821679,5.711594,0,stoparea:418527,,0.0,,,2578173
2578174,66491920,"Maastricht, Molensingel/Slagmolen",50.821634,5.711651,0,stoparea:418527,,0.0,,,2578174
2578179,66498040,"Maastricht, Molensingel/Graanmolen",50.829902,5.712163,0,stoparea:418490,,0.0,,,2578179
2578180,66498050,"Maastricht, Molensingel/Graanmolen",50.829948,5.712035,0,stoparea:418490,,0.0,,,2578180
2578181,66498060,"Maastricht, Molensingel/Malvabeemd",50.823969,5.712334,0,stoparea:418480,,0.0,,,2578181
2578182,66498061,"Maastricht, Molensingel/Malvabeemd",50.82493,5.712795,0,stoparea:418480,,1.0,,,2578182
2578183,66498070,"Maastricht, Schorsmolen",50.815564,5.709267,0,stoparea:418528,,1.0,,,2578183
2578184,66498090,"Maastricht, Schorsmolen",50.816122,5.709229,0,stoparea:418528,,1.0,,,2578184
2578210,66500470,"Maastricht, Franciscus Romanusweg",50.857274,5.698977,0,stoparea:418518,,0.0,,,2578210
2578211,66500480,"Maastricht, Franciscus Romanusweg",50.856321,5.699013,0,stoparea:418518,,0.0,,,2578211
2578212,66500490,"Maastricht, Balijeweg/Ankerkade",50.869089,5.700974,0,stoparea:418396,,0.0,,,2578212
2578213,66500500,"Maastricht, Balijeweg/Ankerkade",50.86916,5.701046,0,stoparea:418396,,0.0,,,2578213
2578214,66500510,"Maastricht, Gravenstraat",50.860872,5.729608,0,stoparea:418452,,0.0,,,2578214
2578215,66500520,"Maastricht, Gravenstraat",50.860711,5.729507,0,stoparea:418452,,1.0,,,2578215
2578216,66500530,"Maastricht, Kasteel Erensteinstraat",50.863445,5.716787,0,stoparea:418464,,0.0,,,2578216
2578217,66500550,"Maastricht, Kemenadeplein",50.863887,5.712813,0,stoparea:418465,,1.0,,,2578217
2578247,66501530,"Maastricht, Kemenadeplein",50.86256,5.711654,0,stoparea:418465,,0.0,,,2578247
2578218,66500560,"Maastricht, Koning Clovisstraat",50.851548,5.718364,0,stoparea:418471,,1.0,,,2578218
2578220,66500581,"Maastricht, Lindenplein",50.866638,5.734395,0,stoparea:418478,,1.0,,,2578220
2578219,66500580,"Maastricht, Lindenplein",50.866638,5.734395,0,stoparea:418478,,1.0,,,2578219
2578221,66500630,"Maastricht, Meerssenerweg/Miradorplein",50.86596,5.714305,0,stoparea:418489,,0.0,,,2578221
2578248,66501660,"Maastricht, Miradorplein",50.865558,5.716433,0,stoparea:418488,,1.0,,,2578248
2578222,66500660,"Maastricht, Miradorplein",50.865558,5.716433,0,stoparea:418488,,1.0,,,2578222
2578223,66500670,"Maastricht, Meerssenerweg/Mosa",50.858416,5.708514,0,stoparea:418484,,0.0,,,2578223
2578224,66500680,"Maastricht, Meerssenerweg/Mosa",50.857573,5.707784,0,stoparea:418484,,0.0,,,2578224
2578225,66500690,"Maastricht, De Geusselt",50.856313,5.718071,0,stoparea:418500,,0.0,,,2578225
2578226,66500700,"Maastricht, De Geusselt",50.856429,5.7182,0,stoparea:418500,,0.0,,,2578226
2578227,66500710,"Maastricht, Voltastraat",50.852117,5.710899,0,stoparea:418451,,0.0,,,2578227
2578228,66500720,"Maastricht, Voltastraat",50.85193,5.7105,0,stoparea:418451,,0.0,,,2578228
2578229,66500740,"Maastricht, Peutgensweg",50.856885,5.734563,0,stoparea:418508,,0.0,,,2578229
2578230,66500750,"Maastricht, Peutgensweg",50.856813,5.734506,0,stoparea:418508,,0.0,,,2578230
2578231,66500760,"Maastricht, Wagenlaan",50.859888,5.73433,0,stoparea:418544,,0.0,,,2578231
2578232,66500770,"Maastricht, Wagenlaan",50.85978,5.734358,0,stoparea:418544,,0.0,,,2578232
2578286,66580100,"Maastricht, Appiushof",50.843446,5.64962,0,stoparea:418397,,0.0,,,2578286
2578287,66580110,"Maastricht, Appiushof",50.84375,5.650274,0,stoparea:418397,,0.0,,,2578287
2578288,66580120,"Maastricht, Aramislaan",50.839135,5.674254,0,stoparea:418398,,0.0,,,2578288
2578289,66580130,"Maastricht, Aramislaan",50.83938,5.673559,0,stoparea:418398,,0.0,,,2578289
2578290,66580140,"Maastricht, Jekermolenweg",50.835536,5.672116,0,stoparea:418460,,0.0,,,2578290
2578291,66580150,"Maastricht, Jekermolenweg",50.835401,5.672456,0,stoparea:418460,,0.0,,,2578291
2578347,66581680,"Maastricht, Cantecleerstraat",50.858649,5.663723,0,stoparea:418425,,0.0,,,2578347
2578348,66581690,"Maastricht, Cantecleerstraat",50.858478,5.663623,0,stoparea:418425,,0.0,,,2578348
2578351,66581720,"Maastricht, Schepelruwe",50.861858,5.652011,0,stoparea:418523,,0.0,,,2578351
2578352,66581730,"Maastricht, Schepelruwe",50.861751,5.651939,0,stoparea:418523,,0.0,,,2578352
2578353,66581740,"Maastricht, Pierebolruwe",50.860664,5.6477,0,stoparea:418509,,0.0,,,2578353
2578354,66581750,"Maastricht, Pierebolruwe",50.860789,5.64773,0,stoparea:418509,,0.0,,,2578354
2398709,32570,"Maastricht, Dousberg",50.856295,5.655714,0,,,0.0,,,2398709
2578355,66581760,"Maastricht, Dousbergweg/Via Regia",50.856348,5.655884,0,stoparea:418433,,0.0,,,2578355
2398458,32571,"Maastricht, Dousberg",50.856998,5.654866,0,,,0.0,,,2398458
2578356,66581770,"Maastricht, Dousbergweg/Via Regia",50.857007,5.654965,0,stoparea:418433,,0.0,,,2578356
2578358,66581820,"Maastricht, Bankastraat",50.84294,5.669762,0,stoparea:418403,,0.0,,,2578358
2578359,66581840,"Maastricht, Madoerastraat",50.84255,5.667205,0,stoparea:418479,,0.0,,,2578359
2578360,66581850,"Maastricht, Madoerastraat",50.84263,5.667617,0,stoparea:418479,,0.0,,,2578360
2398084,32532,"Maastricht, Javastraat",50.841394,5.665892,0,,,0.0,,,2398084
2578361,66581860,"Maastricht, Javastraat",50.841421,5.665948,0,stoparea:418459,,0.0,,,2578361
2578362,66590100,"Maastricht, Centre Céramique",50.845257,5.701963,0,stoparea:418530,,1.0,,,2578362
2578363,66590110,"Maastricht, Centre Céramique",50.846262,5.702538,0,stoparea:418530,,1.0,,,2578363
2399039,132800,"Maastricht, Boschstraat/Maagdendries",50.854296,5.689897,0,,,1.0,,,2399039
2578364,66590120,"Maastricht, Boschstraat/Maagdendries",50.854583,5.689885,0,stoparea:418414,,1.0,,,2578364
2578365,66590121,"Maastricht, Boschstraat/Maagdendries",50.854547,5.690027,0,stoparea:418414,,0.0,,,2578365
2578366,66590130,"Maastricht, Boschstraat/Markt",50.852614,5.69,0,stoparea:418482,,0.0,,,2578366
2578367,66590160,"Maastricht, Calvariestraat",50.847532,5.680894,0,stoparea:418421,,1.0,,,2578367
2578368,66590170,"Maastricht, Cannerplein",50.843726,5.67901,0,stoparea:418423,,0.0,,,2578368
2578369,66590180,"Maastricht, Cannerplein",50.844406,5.680207,0,stoparea:418423,,0.0,,,2578369
2578370,66590190,"Maastricht, Cannerweg/Cannerplein",50.843329,5.679348,0,stoparea:418424,,0.0,,,2578370
2578371,66590210,"Maastricht, Dr. Bakstr/Brusselse Poort",50.849866,5.667575,0,stoparea:418416,,0.0,,,2578371
2578390,66590490,"Maastricht, Bouillonstraat",50.846976,5.687492,0,stoparea:418515,,0.0,,,2578390
2578391,66590500,"Maastricht, Parkweg",50.840401,5.696024,0,stoparea:418505,,0.0,,,2578391
2578392,66590510,"Maastricht, Pastoor Moormanstraat",50.863503,5.688636,0,stoparea:418491,,0.0,,,2578392
2578393,66590520,"Maastricht, Ruttensingel zuid",50.844121,5.675534,0,stoparea:418520,,0.0,,,2578393
2578394,66590530,"Maastricht, Ruttensingel zuid",50.843796,5.675901,0,stoparea:418520,,0.0,,,2578394
2578395,66590540,"Maastricht, Ruttensingel/Asterstraat",50.845715,5.674252,0,stoparea:418400,,0.0,,,2578395
2578396,66590550,"Maastricht, Ruttensingel/Asterstraat",50.845922,5.67421,0,stoparea:418400,,0.0,,,2578396
2578397,66590560,"Maastricht, St. Annalaan",50.849055,5.67237,0,stoparea:418526,,1.0,,,2578397
2578398,66590570,"Maastricht, St. Lambertuslaan",50.840136,5.69422,0,stoparea:418477,,0.0,,,2578398
2578401,66590610,"Maastricht, St. Pieterskade",50.842976,5.694494,0,stoparea:418510,,0.0,,,2578401
2578412,66590910,"Maastricht, Station Perron A",50.850652,5.704527,0,stoparea:418533,,1.0,A,,2578412
2578414,66590921,"Maastricht, Station Perron B",50.85085,5.704301,0,stoparea:418532,,0.0,B,,2578414
2578413,66590920,"Maastricht, Station Perron B",50.85085,5.704316,0,stoparea:418533,,0.0,B,,2578413
2578415,66590930,"Maastricht, Station Perron C",50.851048,5.704203,0,stoparea:418533,,0.0,C,,2578415
2398028,132790,"Maastricht, Station perron D",50.851291,5.704006,0,,,0.0,D,,2398028
2578416,66590960,"Maastricht, Station Perron F",50.851444,5.704192,0,stoparea:418533,,0.0,F,,2578416
2578417,66590980,"Maastricht, Station Perron G",50.851273,5.704276,0,stoparea:418533,,0.0,G,,2578417
2578418,66590990,"Maastricht, Station Perron H",50.85112,5.704317,0,stoparea:418533,,0.0,H,,2578418
2578402,66590720,"Maastricht, Tongersestraat",50.845527,5.684842,0,stoparea:418536,,0.0,,,2578402
2398307,110428,"Maastricht, Via Regia/Sint-Annadal",50.848895,5.671616,0,,,0.0,,,2398307
2578403,66590730,"Maastricht, Via Regia/St. Annadal",50.84894,5.671489,0,stoparea:418395,,0.0,,,2578403
2578346,66581670,"Maastricht, Peter Huijssenslaan",50.860616,5.675494,0,stoparea:418507,,0.0,,,2578346
2578695,67200180,"Beek, Maastricht-Aachen Airport",50.915924,5.768636,0,stoparea:416538,,0.0,,,2578695
2578696,67200190,"Beek, Maastricht-Aachen Airport",50.915941,5.768849,0,stoparea:416538,,0.0,,,2578696
2470256,135314,"Maastricht, Cabergerweg",50.858199,5.678618,0,,,0.0,,,2470256
2399081,135312,"Maastricht, Peter Huijssenslaan",50.860598,5.675438,0,,,0.0,,,2399081
2398303,135313,"Maastricht, Peter Huijssenslaan",50.860696,5.675609,0,,,0.0,,,2398303
2398243,136957,"Maastricht, Boschstraat/Maagdendries",50.854394,5.690068,0,,,0.0,,,2398243
stoparea:30382,mtn,Maastricht Noord,50.870688,5.717336,1,,Europe/Amsterdam,0.0,,,30382
stoparea:17938,mtr,Maastricht Randwyck,50.8374514504,5.71757376194,1,,Europe/Amsterdam,0.0,,,17938
stoparea:17969,mt,Maastricht,50.8497439807,5.70544481277,1,,Europe/Amsterdam,0.0,,,17969
stoparea:380848,,"Schaft, Maastrichterweg",51.299349,5.467044,1,,,0.0,,,380848
stoparea:416538,,"Beek, Maastricht-Aachen Airport",0.0208629102642901,0.002363754353616,1,,,0.0,,,416538
stoparea:416771,,"Brunssum, Maastrichterstr/Servatiusstr",0.0104367045687359,0.0012198795328826,1,,,0.0,,,416771
stoparea:418390,,"Maastricht, MUMC",0.0208298369186642,0.0023409233763573,1,,,0.0,,,418390
stoparea:418391,,"Maastricht, Akersteenweg",0.0208333716451546,0.0023458289284982,1,,,0.0,,,418391
stoparea:418392,,"Maastricht, Oude Molenweg",0.0208328496209793,0.0023509881171891,1,,,0.0,,,418392
stoparea:418393,,"Maastricht, W. Alexanderweg/Balijeweg",0.0208429864781807,0.0023373927473878,1,,,0.0,,,418393
stoparea:418394,,"Maastricht, Ambyerstraat Noord",0.0104209500102438,0.0011744937512804,1,,,0.0,,,418394
stoparea:418395,,"Maastricht, Via Regia/St. Annadal",0.0208353288260602,0.002324078262651,1,,,0.0,,,418395
stoparea:418396,,"Maastricht, Balijeweg/Ankerkade",0.0208437305879942,0.0023360008195042,1,,,0.0,,,418396
stoparea:418397,,"Maastricht, Appiushof",0.0208332710510141,0.0023150776480229,1,,,0.0,,,418397
stoparea:418398,,"Maastricht, Aramislaan",0.0208314925220241,0.0023248951034624,1,,,0.0,,,418398
stoparea:418399,,"Maastricht, Arrestruwe",0.0208421706617496,0.0023186201598033,1,,,0.0,,,418399
stoparea:418400,,"Maastricht, Ruttensingel/Asterstraat",0.0208341809055521,0.0023250280680188,1,,,0.0,,,418400
stoparea:418401,,"Maastricht, Balsemienbeemd",0.0208251303011677,0.0023393960254046,1,,,0.0,,,418401
stoparea:418402,,"Maastricht, Geusseltbad",0.0208389702929727,0.0023444527760704,1,,,0.0,,,418402
stoparea:418403,,"Maastricht, Bankastraat",0.0104165007170661,0.001161598442942,1,,,0.0,,,418403
stoparea:418404,,"Maastricht, Baron van Hovellstraat",0.0208331407498463,0.0023388756402376,1,,,0.0,,,418404
stoparea:418405,,"Maastricht, Burgemeester Cortenstraat",0.0208339078057775,0.0023469063716451,1,,,0.0,,,418405
stoparea:418406,,"Maastricht, De Beente",0.0104141854128252,0.0011688455234583,1,,,0.0,,,418406
stoparea:418407,,"Maastricht, Beemdenplein/Maasveld",0.0104123829133374,0.0011693187871337,1,,,0.0,,,418407
stoparea:418408,,"Maastricht, Bergerstraat/Bernhardlaan",0.0208357762753534,0.00234532001639,1,,,0.0,,,418408
stoparea:418409,,"Maastricht, Beukenhoven",0.0104208840401557,0.0011749907805777,1,,,0.0,,,418409
stoparea:418410,,"Maastricht, Bergerstraat/Vijverdal",0.0208364423273919,0.0023480391313255,1,,,0.0,,,418410
stoparea:418411,,"Maastricht, Bieslanderweg",0.0104158981766031,0.0011632032370415,1,,,0.0,,,418411
stoparea:418412,,"Maastricht, Bloemenweg",0.0208324751075599,0.0023412210612579,1,,,0.0,,,418412
stoparea:418413,,"Maastricht, Bonnefantenmuseum",0.0208329239909854,0.002336692685925,1,,,0.0,,,418413
stoparea:418414,,"Maastricht, Boschstraat/Maagdendries",0.0208377648022946,0.002331471419791,1,,,0.0,,,418414
stoparea:418415,,"Maastricht, Via Regia/Brusselse Poort",0.0104179997951239,0.0011615785699651,1,,,0.0,,,418415
stoparea:418416,,"Maastricht, Dr. Bakstr/Brusselse Poort",0.0208359110837943,0.0023223564843269,1,,,0.0,,,418416
stoparea:418417,,"Maastricht, Brusselseweg/Zuyd Hogeschool",0.0208375925015365,0.0023238766646179,1,,,0.0,,,418417
stoparea:418418,,"Maastricht, Burg. Van Oppenstraat",0.0104190694529809,0.0011707410366728,1,,,0.0,,,418418
stoparea:418419,,"Maastricht, Cannerweg/Gerlachus",0.0104160278631427,0.0011629190739602,1,,,0.0,,,418419
stoparea:418420,,"Maastricht, Capitoolhof",0.0208323398893669,0.0023138916205695,1,,,0.0,,,418420
stoparea:418421,,"Maastricht, Calvariestraat",0.0104174415078877,0.0011638791231305,1,,,0.0,,,418421
stoparea:418422,,"Maastricht, Medoclaan/Campagne",0.0208312894898586,0.002322119237861,1,,,0.0,,,418422
stoparea:418423,,"Maastricht, Cannerplein",0.0208334628149969,0.0023272315099364,1,,,0.0,,,418423
stoparea:418424,,"Maastricht, Cannerweg/Cannerplein",0.0104165804138496,0.0011635623847572,1,,,0.0,,,418424
stoparea:418425,,"Maastricht, Cantecleerstraat",0.0208394031960663,0.0023207019053472,1,,,0.0,,,418425
stoparea:418426,,"Maastricht, Cabergerweg",0.0104196287645974,0.0011634302397049,1,,,0.0,,,418426
stoparea:418427,,"Maastricht, Mosae Forum/Centrum",0.010418471419791,0.0011665505019463,1,,,0.0,,,418427
stoparea:418428,,"Maastricht, Clavecymbelstraat",0.0208398760499897,0.0023224242982995,1,,,0.0,,,418428
stoparea:418429,,"Maastricht, Czaar Peterstraat",0.0104184247080516,0.001171475517312,1,,,0.0,,,418429
stoparea:418430,,"Maastricht, Burght/Demertstraat",0.010415463224749,0.0011722018029092,1,,,0.0,,,418430
stoparea:418431,,"Maastricht, Doornlaan",0.0208350645359557,0.0023499924195861,1,,,0.0,,,418431
stoparea:418432,,"Maastricht, Dorpstraat/De Leim",0.0208329338250358,0.002346872976849,1,,,0.0,,,418432
stoparea:418433,,"Maastricht, Dousbergweg/Via Regia",0.0208386304036058,0.0023173220651505,1,,,0.0,,,418433
stoparea:418434,,"Maastricht, Bemelergrubbe",0.0208352968653964,0.002348656013112,1,,,0.0,,,418434
stoparea:418435,,"Maastricht, Drenckgaard",0.0208287834460151,0.0023454320835894,1,,,0.0,,,418435
stoparea:418436,,"Maastricht, Drijversstraat",0.0104208264699856,0.0011652769924195,1,,,0.0,,,418436
stoparea:418437,,"Maastricht, Dorpstraat/Kerk",0.0208318860889162,0.0023468332308953,1,,,0.0,,,418437
stoparea:418438,,"Maastricht, Randwycksingel",0.0208309082155296,0.0023390608481868,1,,,0.0,,,418438
stoparea:418439,,"Maastricht, Duitsepoort",0.0208341014136447,0.0023385273509526,1,,,0.0,,,418439
stoparea:418440,,"Maastricht, Bosscherweg/v. Eijckstraat",0.0208403995082974,0.0023310026633886,1,,,0.0,,,418440
stoparea:418441,,"Maastricht, Medoclaan/Emilionlaan",0.0208304107764802,0.0023199123130506,1,,,0.0,,,418441
stoparea:418442,,"Maastricht, Koningin Emmaplein",0.0312535896332718,0.0034895709895513,1,,,0.0,,,418442
stoparea:418443,,"Maastricht, Endepolsdomein",0.0208311057160417,0.0023422294611759,1,,,0.0,,,418443
stoparea:418444,,"Maastricht, Fagotstraat",0.0208384499078057,0.0023235037902069,1,,,0.0,,,418444
stoparea:418445,,"Maastricht, Forum MECC",0.0416611837738168,0.0046818457283343,1,,,0.0,,,418445
stoparea:418446,,"Maastricht, Statensingel",0.0312565300143413,0.0034934238885474,1,,,0.0,,,418446
stoparea:418447,,"Maastricht, Gentelaan",0.0208383501331694,0.0023213763573038,1,,,0.0,,,418447
stoparea:418448,,"Maastricht, Gewantmakersdreef-Noord",0.0208351964761319,0.0023186404425322,1,,,0.0,,,418448
stoparea:418449,,"Maastricht, Glacisweg",0.0104158330260192,0.0011656605203851,1,,,0.0,,,418449
stoparea:418450,,"Maastricht, Gouvernement",0.0208308694939561,0.0023371089940585,1,,,0.0,,,418450
stoparea:418451,,"Maastricht, Voltastraat",0.0208367234173325,0.0023399711124769,1,,,0.0,,,418451
stoparea:418452,,"Maastricht, Gravenstraat",0.0208403161237451,0.0023476982175783,1,,,0.0,,,418452
stoparea:418453,,"Maastricht, Burght/R. v. Heerstraat",0.0104155568531038,0.0011722925629993,1,,,0.0,,,418453
stoparea:418454,,"Maastricht, Helmstraat",0.0104180192583486,0.0011655380045072,1,,,0.0,,,418454
stoparea:418455,,"Maastricht, Herculeshof",0.0208314785904527,0.0023152739192788,1,,,0.0,,,418455
stoparea:418456,,"Maastricht, Tongerseplein",0.0208337113296455,0.0023279602540463,1,,,0.0,,,418456
stoparea:418457,,"Maastricht, Heugemerstraat/Wardehof",0.0104137652120467,0.0011689094447859,1,,,0.0,,,418457
stoparea:418458,,"Maastricht, Hoeve Rasberg",0.0208388246261012,0.0023560842040565,1,,,0.0,,,418458
stoparea:418459,,"Maastricht, Javastraat",0.0104161895103462,0.0011608170456873,1,,,0.0,,,418459
stoparea:418460,,"Maastricht, Jekermolenweg",0.0208299399713173,0.0023242311001843,1,,,0.0,,,418460
stoparea:418461,,"Maastricht, Jeruzalemweg",0.0208444130301167,0.0023409211227207,1,,,0.0,,,418461
stoparea:418462,,"Maastricht, Jezuïetenberg",0.0208248531038721,0.0023221005941405,1,,,0.0,,,418462
stoparea:418463,,"Maastricht, Kapittellaan",0.0208285181315304,0.0023390006146281,1,,,0.0,,,418463
stoparea:418464,,"Maastricht, Kasteel Erensteinstraat",0.0104207017004712,0.0011712327391927,1,,,0.0,,,418464
stoparea:418465,,"Maastricht, Kemenadeplein",0.0208413126408522,0.0023405996721983,1,,,0.0,,,418465
stoparea:418466,,"Maastricht, Burg. Kessensingel-Noord",0.0104159643515673,0.001174610735505,1,,,0.0,,,418466
stoparea:418467,,"Maastricht, Keurmeestersdreef oost",0.0208350702724851,0.0023205623847572,1,,,0.0,,,418467
stoparea:418468,,"Maastricht, Keurmeestersdreef west",0.0208337576316328,0.0023172183978692,1,,,0.0,,,418468
stoparea:418469,,"Maastricht, Burg. Kessensingel-Zuid",0.0104151946322474,0.0011745990575701,1,,,0.0,,,418469
stoparea:418470,,"Maastricht, Kommel",0.0104176644130301,0.0011646250768285,1,,,0.0,,,418470
stoparea:418471,,"Maastricht, Koning Clovisstraat",0.0104182642901044,0.0011715558287236,1,,,0.0,,,418471
stoparea:418472,,"Maastricht, Koningsplein",0.0208351636959639,0.0023398815816431,1,,,0.0,,,418472
stoparea:418473,,"Maastricht, W. Alexanderweg/Korvetweg",0.0208454312640852,0.0023389608686744,1,,,0.0,,,418473
stoparea:418474,,"Maastricht, Korvetweg",0.0208450092194222,0.0023391442327391,1,,,0.0,,,418474
stoparea:418475,,"Maastricht, Laathofruwe",0.0208425584921122,0.0023165156730178,1,,,0.0,,,418475
stoparea:418476,,"Maastricht, Laathofruwe",0.0208425584921122,0.0023165156730178,1,,,0.0,,,418476
stoparea:418477,,"Maastricht, St. Lambertuslaan",0.010415926244622,0.0011666093013726,1,,,0.0,,,418477
stoparea:418478,,"Maastricht, Lindenplein",0.0208427117393976,0.002349680393362,1,,,0.0,,,418478
stoparea:418479,,"Maastricht, Madoerastraat",0.0208328580208973,0.0023222335586969,1,,,0.0,,,418479
stoparea:418480,,"Maastricht, Molensingel/Malvabeemd",0.0208254249129276,0.0023407353001434,1,,,0.0,,,418480
stoparea:418481,,"Maastricht, Malpertuisplein",0.020838930547019,0.0023204720344191,1,,,0.0,,,418481
stoparea:418482,,"Maastricht, Boschstraat/Markt",0.0104184826879737,0.0011657447244417,1,,,0.0,,,418482
stoparea:418483,,"Maastricht, Malbergsingel",0.0208402087686949,0.0023188211432083,1,,,0.0,,,418483
stoparea:418484,,"Maastricht, Meerssenerweg/Mosa",0.0208391700471214,0.0023389260397459,1,,,0.0,,,418484
stoparea:418485,,"Maastricht, Meutestraat",0.0104209704978488,0.0011658860889162,1,,,0.0,,,418485
stoparea:418486,,"Maastricht, Meerssenerweg",0.0208404968244212,0.0023399422249539,1,,,0.0,,,418486
stoparea:418487,,"Maastricht, Mgr. Vranckenplein",0.0208295099364884,0.0023168940790821,1,,,0.0,,,418487
stoparea:418488,,"Maastricht, Miradorplein",0.0208422692071296,0.0023423204261421,1,,,0.0,,,418488
stoparea:418489,,"Maastricht, Meerssenerweg/Miradorplein",0.0104212169637369,0.0011707242368367,1,,,0.0,,,418489
stoparea:418490,,"Maastricht, Molensingel/Graanmolen",0.0208276685105511,0.0023405445605408,1,,,0.0,,,418490
stoparea:418491,,"Maastricht, Pastoor Moormanstraat",0.0104207135832821,0.0011654652735095,1,,,0.0,,,418491
stoparea:418492,,"Maastricht, Malbergplein",0.0208412907191149,0.0023176896127842,1,,,0.0,,,418492
stoparea:418493,,"Maastricht, Markt",0.0208364958000409,0.0023315152632657,1,,,0.0,,,418493
stoparea:418494,,"Maastricht, Nekummerweg",0.0208269608686744,0.002323180700676,1,,,0.0,,,418494
stoparea:418495,,"Maastricht, Nijverheidsweg",0.0208327725875845,0.002343422249539,1,,,0.0,,,418495
stoparea:418496,,"Maastricht, Molensingel",0.0104140942429829,0.0011704792050809,1,,,0.0,,,418496
stoparea:418497,,"Maastricht, Langendaal",0.0312420458922351,0.0035182372464658,1,,,0.0,,,418497
stoparea:418498,,"Maastricht, Oeslingerbaan",0.0104141102233148,0.0011732765826674,1,,,0.0,,,418498
stoparea:418499,,"Maastricht, Old Hickoryplein",0.0208377940995697,0.0023390737553779,1,,,0.0,,,418499
stoparea:418500,,"Maastricht, De Geusselt",0.0208385048145871,0.0023430180290923,1,,,0.0,,,418500
stoparea:418501,,"Maastricht, Oude Maasstraat",0.0104131212866215,0.0011694081130915,1,,,0.0,,,418501
stoparea:418502,,"Maastricht, P&R Maastricht-Noord",0.0416898090555214,0.0046845445605408,1,,,0.0,,,418502
stoparea:418503,,"Maastricht, Burg. Cortenstraat/Padualaan",0.0208354652735095,0.0023471096086867,1,,,0.0,,,418503
stoparea:418504,,"Maastricht, Papyrussingel",0.0104208461380864,0.0011603505429215,1,,,0.0,,,418504
stoparea:418505,,"Maastricht, Parkweg",0.0104159805367752,0.0011669788977668,1,,,0.0,,,418505
stoparea:418506,,"Maastricht, Pergamijndonk",0.01042097561975,0.0011609157959434,1,,,0.0,,,418506
stoparea:418507,,"Maastricht, Peter Huijssenslaan",0.0208402716656422,0.0023255748821962,1,,,0.0,,,418507
stoparea:418508,,"Maastricht, Peutgensweg",0.0208387006760909,0.0023497375537799,1,,,0.0,,,418508
stoparea:418509,,"Maastricht, Pierebolruwe",0.0208402894898586,0.0023141630813357,1,,,0.0,,,418509
stoparea:418510,,"Maastricht, St. Pieterskade",0.0104165080926039,0.0011666654374103,1,,,0.0,,,418510
stoparea:418511,,"Maastricht, Planetenhof",0.0208321913542306,0.0023168223724646,1,,,0.0,,,418511
stoparea:418512,,"Maastricht, Potteriestraat",0.0208366281499692,0.00231832001639,1,,,0.0,,,418512
stoparea:418513,,"Maastricht, Prins Bisschopsingel",0.0208325400532677,0.0023307797582462,1,,,0.0,,,418513
stoparea:418514,,"Maastricht, Clavecymbelstr/Prestantstr",0.0208402267977873,0.0023236076623642,1,,,0.0,,,418514
stoparea:418515,,"Maastricht, Bouillonstraat",0.0104173275968039,0.0011652308953083,1,,,0.0,,,418515
stoparea:418516,,"Maastricht, Station Randwyck",0.0208307494365908,0.0023424538004507,1,,,0.0,,,418516
stoparea:418517,,"Maastricht, Rijksweg Eykelborg",0.0208267643925425,0.0023475517312026,1,,,0.0,,,418517
stoparea:418518,,"Maastricht, Franciscus Romanusweg",0.0208386795738578,0.0023351751690227,1,,,0.0,,,418518
stoparea:418519,,"Maastricht, Roserije",0.0208269356689203,0.0023456541692276,1,,,0.0,,,418519
stoparea:418520,,"Maastricht, Ruttensingel zuid",0.0208334187666461,0.0023256371645154,1,,,0.0,,,418520
stoparea:418521,,"Maastricht, Scharnerweg",0.0208354337225978,0.0023428041384962,1,,,0.0,,,418521
stoparea:418522,,"Maastricht, Scharn Kerk",0.0208350182339684,0.0023457246465888,1,,,0.0,,,418522
stoparea:418523,,"Maastricht, Schepelruwe",0.0208407312026224,0.0023159086252817,1,,,0.0,,,418523
stoparea:418524,,"Maastricht, Severenplein",0.0104207844703954,0.0011744109813562,1,,,0.0,,,418524
stoparea:418525,,"Maastricht, Sibemaweg",0.0208342589633271,0.0023433308748207,1,,,0.0,,,418525
stoparea:418526,,"Maastricht, St. Annalaan",0.0104177535341118,0.0011621327596803,1,,,0.0,,,418526
stoparea:418527,,"Maastricht, Molensingel/Slagmolen",0.0208242804753124,0.0023403493136652,1,,,0.0,,,418527
stoparea:418528,,"Maastricht, Schorsmolen",0.0208218983814792,0.0023393763573038,1,,,0.0,,,418528
stoparea:418529,,"Maastricht, Sint Pietersberg",0.010415619135423,0.0011649987707437,1,,,0.0,,,418529
stoparea:418530,,"Maastricht, Centre Céramique",0.0208341567301782,0.0023365091169842,1,,,0.0,,,418530
stoparea:418531,,"Maastricht, Mergelweg/Sportpark",0.0104151979102642,0.0011641411595984,1,,,0.0,,,418531
stoparea:418532,,"Maastricht, Station",0.0104181212866215,0.0011686746568326,1,,,0.0,,,418532
stoparea:418533,,"Maastricht, Station",0.0625089913952059,0.0070120530628969,1,,,0.0,,,418533
stoparea:418534,,"Maastricht, Termileslaan",0.0104130878918254,0.0011694456054087,1,,,0.0,,,418534
stoparea:418535,,"Maastricht, Terblijterweg",0.0208377693095677,0.0023476881786519,1,,,0.0,,,418535
stoparea:418536,,"Maastricht, Tongersestraat",0.0104170307314074,0.0011646879737758,1,,,0.0,,,418536
stoparea:418537,,"Maastricht, Langendaal/Varensdaal",0.0104125039950829,0.0011727531243597,1,,,0.0,,,418537
stoparea:418538,,"Maastricht, Vendelplein",0.0208417430854333,0.0023146777299733,1,,,0.0,,,418538
stoparea:418539,,"Maastricht, Rijksweg/Veldstraat",0.0312458727719729,0.0035195388240114,1,,,0.0,,,418539
stoparea:418540,,"Maastricht, Vezeldonk",0.0104213993034214,0.0011600307314074,1,,,0.0,,,418540
stoparea:418541,,"Maastricht, Via Regia/Dr. v. Kleefstraat",0.0104181507887727,0.0011615707846752,1,,,0.0,,,418541
stoparea:418542,,"Maastricht, Vijverdal",0.0208359121081745,0.0023485734480639,1,,,0.0,,,418542
stoparea:418543,,"Maastricht, Vrijthof",0.0104178553575087,0.0011655486580618,1,,,0.0,,,418543
stoparea:418544,,"Maastricht, Wagenlaan",0.0208399237861094,0.0023496594960049,1,,,0.0,,,418544
stoparea:418545,,"Maastricht, Waldeckpark",0.0104164402786314,0.0011643642696168,1,,,0.0,,,418545
stoparea:418546,,"Maastricht, Wardehofplein",0.0104138123335382,0.001169229666052,1,,,0.0,,,418546
stoparea:418547,,"Maastricht, Weerhuysgaard",0.0208291872567096,0.0023465255070682,1,,,0.0,,,418547
stoparea:418548,,"Maastricht, Wijngaardstraat",0.0104160690432288,0.001164123335382,1,,,0.0,,,418548
stoparea:418549,,"Maastricht, Wilhelminasingel",0.0208355968039336,0.002336455029707,1,,,0.0,,,418549
stoparea:418550,,"Maastricht, Winkelcentrum/Belfort",0.0208343048555623,0.0023187660315509,1,,,0.0,,,418550
stoparea:418551,,"Maastricht, Withuisveld",0.020837479819709,0.0023490358533087,1,,,0.0,,,418551
stoparea:419489,,"Ubach over Worms, Maastrichterlaan/Kerk",0.0208616754763368,0.0024770979307518,1,,,0.0,,,419489
stoparea:419490,,"Ubach over Worms, Maastrichterlaan",0.0208613261626715,0.0024798807621389,1,,,0.0,,,419490
stoparea:419545,,"Vaals, Maastrichterlaan/Bosstraat",0.0104020641262036,0.0012332515877893,1,,,0.0,,,419545
